<?xml version="1.0" encoding="utf-8"?>
<LOCATION>
    <loc>
        <id>0</id>
        <row>68</row>
        <col>32</col>
    </loc>
    
    <loc>
        <id>1</id>
        <row>27</row>
        <col>4</col>
    </loc>
    
    <loc>
        <id>2</id>
        <row>25</row>
        <col>58</col>
    </loc>
    
    <loc>
        <id>3</id>
        <row>16</row>
        <col>7</col>
    </loc>
    
    <loc>
        <id>4</id>
        <row>15</row>
        <col>57</col>
    </loc>
    
    <loc>
        <id>5</id>
        <row>5</row>
        <col>18</col>
    </loc>
    
    <loc>
        <id>6</id>
        <row>6</row>
        <col>46</col>
    </loc>
</LOCATION>