<?xml version="1.0" encoding="utf-8"?>

<root>
    <Object>
        <id>0</id>
        <name><![CDATA[Block]]></name>
        <info></info>
        <block>1</block>
        <movevalue></movevalue>
        <showtip>0</showtip>
        <pic></pic>
        <canlocate>0</canlocate>
    </Object>

    <Object>
        <id>1</id>
        <name><![CDATA[Space area]]></name>
        <info></info>
        <block>0</block>
        <movevalue>50</movevalue>
        <showtip>0</showtip>
        <pic></pic>
        <canlocate>1</canlocate>
    </Object>
    
    <Object>
        <id>2</id>
        <name><![CDATA[VIP Room]]></name>
        <info></info>
        <block>0</block>
        <movevalue>50</movevalue>
        <showtip>1</showtip>
        <pic>Vip.png</pic>
        <canlocate>1</canlocate>
    </Object>

    <Object>
        <id>3</id>
        <name><![CDATA[Coffee Room]]></name>
        <info></info>
        <block>0</block>
        <movevalue>50</movevalue>
        <showtip>1</showtip>
        <pic>Coffee.png</pic>
        <canlocate>1</canlocate>
    </Object>

    <Object>
        <id>4</id>
        <name><![CDATA[McDonald]]></name>
        <info></info>
        <block>0</block>
        <movevalue>50</movevalue>
        <showtip>1</showtip>
        <pic>McDonald.png</pic>
        <canlocate>1</canlocate>
    </Object>

    <Object>
        <id>5</id>
        <name><![CDATA[Super Market]]></name>
        <info></info>
        <block>0</block>
        <movevalue>50</movevalue>
        <showtip>1</showtip>
        <pic>SuperMarket.png</pic>
        <canlocate>1</canlocate>
    </Object>

    <Object>
        <id>6</id>
        <name><![CDATA[Book Store]]></name>
        <info></info>
        <block>0</block>
        <movevalue>50</movevalue>
        <showtip>1</showtip>
        <pic>BookStore.png</pic>
        <canlocate>1</canlocate>
    </Object>

    <Object>
        <id>7</id>
        <name><![CDATA[Toilet]]></name>
        <info></info>
        <block>0</block>
        <movevalue>50</movevalue>
        <showtip>1</showtip>
        <pic>Toilet.png</pic>
        <canlocate>1</canlocate>
    </Object>

    <Object>
        <id>8</id>
        <name><![CDATA[Airport]]></name>
        <info></info>
        <block>0</block>
        <movevalue>50</movevalue>
        <showtip>1</showtip>
        <pic>Airport.png</pic>
        <canlocate>1</canlocate>
    </Object>

    <Object>
        <id>9</id>
        <name><![CDATA[Smoking Room]]></name>
        <info></info>
        <block>0</block>
        <movevalue>50</movevalue>
        <showtip>1</showtip>
        <pic>Smoking.png</pic>
        <canlocate>1</canlocate>
    </Object>

    <Object>
        <id>10</id>
        <name><![CDATA[AirDuty Room]]></name>
        <info></info>
        <block>0</block>
        <movevalue>50</movevalue>
        <showtip>1</showtip>
        <pic>Duty.png</pic>
        <canlocate>1</canlocate>
    </Object>

    <Object>
        <id>11</id>
        <name><![CDATA[Road]]></name>
        <info></info>
        <block>0</block>
        <movevalue>0</movevalue>
        <showtip>0</showtip>
        <pic></pic>
        <canlocate>1</canlocate>
    </Object>

    <Object>
        <id>12</id>
        <name><![CDATA[KFC]]></name>
        <info></info>
        <block>0</block>
        <movevalue>50</movevalue>
        <showtip>1</showtip>
        <pic>KFC.png</pic>
        <canlocate>1</canlocate>
    </Object>	

    <Object>
        <id>13</id>
        <name><![CDATA[Depositary]]></name>
        <info></info>
        <block>0</block>
        <movevalue>50</movevalue>
        <showtip>1</showtip>
        <pic>Depositary.png</pic>
        <canlocate>1</canlocate>
    </Object>

    <Object>
        <id>14</id>
        <name><![CDATA[Ask]]></name>
        <info></info>
        <block>0</block>
        <movevalue>50</movevalue>
        <showtip>1</showtip>
        <pic>Ask.png</pic>
        <canlocate>1</canlocate>
    </Object>
</root>